abbilden;4.16
abendlich;4.69
Abfall;5.54
Abgrund;5.67
abhängen;3.21
Abhängigkeit;3.42
ablehnen;4.6
Abnahme;3.72
Abrechnung;4.44
abriegeln;5.12
abrupt;4.0
abschaffen;4.28
abschätzen;3.52
Absicht;3.44
Absprache;4.27
abstinent;3.81
abstrahieren;2.33
abstrakt;1.58
abwandeln;3.56
abweichen;3.16
Abweichung;3.52
Abwertung;3.0
Abwesenheit;4.45
abwickeln;3.92
achten;3.32
ächzen;5.76
adelig;3.15
Admiral;5.79
aggressiv;4.35
ähneln;4.08
ahnen;3.2
ähnlich;4.12
Ähnlichkeit;3.45
Ahnung;2.91
Akkordeon;6.58
akkurat;4.19
Akustik;4.55
akzeptieren;3.76
alarmieren;4.96
Algebra;4.39
algebraisch;2.88
Alkohol;6.36
Allee;6.12
allgemein;2.46
alt;5.5
altern;4.76
Alternative;3.12
Amateur;4.79
amoralisch;1.58
amputieren;5.44
amtlich;3.46
analysieren;2.76
Änderung;3.88
Andeutung;3.03
Anekdote;4.15
anekdotisch;2.58
anerkennen;3.24
Anerkennung;2.94
anfällig;3.77
Anfang;4.21
anfangen;4.56
Anforderung;3.61
Anführer;5.15
Angabe;3.88
Angebot;3.85
Angelegenheit;3.42
angreifen;6.0
Angriff;4.61
Angst;3.71
Anhänger;5.0
anknüpfen;3.52
ankündigen;4.32
Anlaß;3.3
anmaßend;3.15
Anmaßung;2.76
annehmen;3.96
anonym;2.88
Anordnung;4.15
anpreisen;5.12
Anregung;3.33
anschaulich;3.62
Anschein;2.98
Ansicht;3.21
Anstand;2.96
anstarren;5.8
Anstrengung;3.79
Anteil;4.24
Antwort;4.33
anziehend;4.23
Apfel;6.76
Apparat;4.97
appellieren;4.12
appetitlich;4.77
Ärger;3.68
ärgern;5.2
Argument;3.36
argwöhnisch;3.19
Arm;6.7
Armut;4.32
arrogant;3.35
Art;3.18
assistieren;4.44
ästhetisch;2.85
atheistisch;2.27
atmen;6.68
Atmosphäre;4.7
aufbewahren;4.52
auffällig;4.15
auffassen;2.84
Aufgabe;3.85
Auflage;3.7
aufmerksam;4.0
aufmuntern;4.92
Aufnahmefähigkeit;2.79
Aufopferung;3.58
Aufprall;5.33
Aufstand;5.06
Auftakt;3.82
Auftrag;4.06
Aufwand;3.48
Augenblick;3.45
Ausbeute;4.22
ausbeuterisch;3.35
Ausbildung;4.33
Ausdruck;3.3
ausführen;4.2
Ausgangspunkt;4.0
ausgedehnt;4.73
auskommen;2.96
Ausnahme;3.5
ausreichen;3.24
Ausrottung;4.76
Ausschluß;4.24
Außenseiter;4.48
äußerlich;4.46
austreten;4.84
Auswahl;3.79
Auswertung;3.67
Auto;6.3
automatisch;3.69
automatisieren;3.44
backen;6.6
Bakterien;5.85
Banalität;2.36
bangen;4.36
Bankier;5.88
Bargeld;6.03
barmherzig;3.08
Barmherzigkeit;2.7
basieren;2.83
basteln;6.24
Bauch;6.31
bauchig;6.0
beabsichtigen;3.54
beachten;3.67
beanspruchen;3.56
Becher;6.3
bedenken;3.0
bedeutsam;2.88
Bedeutung;2.91
Bedingung;3.64
bedingungslos;3.04
Bedrohung;4.06
Bedürfnis;3.64
Beeinflussung;3.44
Beeinträchtigung;3.36
befremdlich;2.96
Begabung;2.76
Begebenheit;3.42
Begegnung;4.55
Begeisterung;3.21
Beginn;3.97
beginnen;4.92
begreifen;4.2
Begriff;2.76
begründen;3.52
Begrüßung;4.42
behaupten;4.36
Beherrschung;3.47
beifügen;4.21
Beispiel;3.9
Beitrag;4.42
bejahen;4.79
Bekenntnis;3.18
beklommen;3.65
Beleidigung;3.5
Bemühungen;3.21
benennen;4.52
Benutzung;4.09
Beobachtung;3.94
berauscht;4.62
berechtigen;3.04
Bereich;3.67
Berg;6.39
berichten;5.08
Berücksichtigung;3.39
Beruf;4.63
beruflich;3.81
beruhen;2.84
Beschaffenheit;3.67
Bescheid;4.0
beschleunigen;4.6
beschließen;3.92
Beschränkung;3.85
Besessenheit;3.12
Besitz;4.27
besondere;2.35
Besonderheit;3.19
bestehen;2.96
bestimmt;3.23
Bestimmung;3.93
Beteuerungen;3.58
beträchtlich;2.77
Betrag;4.37
Bettler;6.06
beurlauben;4.56
bevollmächtigen;3.48
Beweis;3.95
beweisen;3.56
Bewertung;2.85
bewirken;3.16
Bewohner;5.7
bewohnt;5.5
Bewußtsein;2.94
bezwecken;3.12
biegsam;5.76
Bild;5.8
biologisch;3.85
bitten;4.96
bitter;5.92
Blase;5.96
bleiben;4.32
Bleistift;6.52
Blick;4.3
blöde;3.65
Blumenstrauß;6.47
Blut;6.73
Blüte;6.27
blutig;6.19
bockig;4.73
bohren;6.24
Botschafter;5.61
brach;5.23
Branche;3.94
braten;6.44
brauchen;4.32
braun;6.77
bremsen;6.04
brennen;6.4
Brett;6.42
Brief;6.47
brüchig;5.5
brüskieren;3.29
brutal;5.0
Brutalität;4.39
Buch;6.45
Bücherei;6.33
Bügeleisen;6.87
Bündnis;3.88
Bungalow;6.21
bunt;5.85
Bürgschaft;4.06
Busen;6.52
büßen;3.92
Büstenhalter;6.76
Butter;6.69
Chance;3.26
Chaos;4.04
chaotisch;3.58
charakterisieren;3.21
charakteristisch;2.35
Charme;3.37
Chef;5.52
christlich;2.42
chronologisch;3.42
clever;3.4
Dachboden;6.22
dämmern;4.8
Dämmerung;5.34
Dampf;6.1
Dampfer;6.39
dankbar;3.54
danken;4.92
Darbietung;4.7
Darlegung;3.76
Darstellung;3.79
Daseinsberechtigung;2.09
Dauer;3.03
dauerhaft;3.81
dauern;3.28
debattieren;4.2
defensiv;3.15
definieren;2.72
Definition;3.22
dekorieren;4.84
dekoriert;5.08
Demokratie;3.67
demokratisch;2.5
demokratisieren;2.6
deprimieren;3.08
deprimiert;3.42
Detail;3.54
determinieren;2.32
deutlich;4.15
Deutung;2.39
dezent;3.31
Diamant;6.58
dichten;4.68
Dichter;5.67
Dickicht;5.88
Diebstahl;5.06
dienen;4.72
Diener;5.82
Dimension;2.48
dirigieren;4.92
diskret;2.81
disqualifizieren;2.88
Disziplin;3.25
dogmatisch;1.68
Doktor;5.76
dokumentieren;2.83
dominieren;3.48
doppelt;5.88
Dozent;5.76
Drama;4.18
dramatisch;3.08
dramatisieren;3.32
dreist;4.62
drohen;5.54
Druck;4.94
Druckmittel;4.15
Dudelsack;6.63
Duft;4.43
duftig;4.65
Dumpfheit;3.3
dunkel;6.27
durchlöchert;5.96
durchschlagend;3.58
dürfen;3.16
Dürftigkeit;2.76
Echtheit;3.28
Ecke;5.88
edel;2.38
Edelmut;2.55
Effekt;3.46
Ehe;4.43
ehrbar;2.23
ehren;3.6
Ehrenhaftigkeit;2.42
Ehrensache;2.52
Ehrfurcht;2.06
Eifersucht;3.0
Eigenmächtigkeit;3.0
Eigenschaft;2.7
Eigensinn;3.03
Eignung;3.12
eilen;5.68
Einbildung;2.76
Einbuße;3.36
eindringlich;3.38
Eindruck;3.06
Einfall;3.48
Einfluß;3.3
Eingebung;2.79
eingehen;3.48
Eingewöhnung;2.97
eingrenzen;3.8
einhändig;6.35
Einheit;3.67
einheitlich;4.0
Einhelligkeit;2.45
Einleitung;4.03
einnehmen;4.76
einsam;4.04
Einsamkeit;3.64
Einschätzung;2.94
Einschränkung;3.73
Einsicht;2.97
Eintracht;2.61
Einwand;3.7
einwirken;3.32
Einwirkung;3.24
Einzelheit;4.06
Eisenbahn;6.61
eitel;4.12
Elefant;6.88
Elend;4.06
eliminieren;3.25
Emanzipation;3.0
empfangen;4.2
empfehlen;3.8
Empfehlung;3.55
empfindlich;3.88
Empfindung;3.13
enden;4.36
endgültig;3.77
endlos;3.88
Engstirnigkeit;3.03
entdecken;5.04
entfallen;2.88
Entführung;4.88
Enthüllung;3.85
entmutigt;3.35
Entschädigung;4.45
Entscheidung;3.55
Entschlossenheit;3.36
Entspannung;3.55
entsprechen;2.28
Entstehung;3.58
entwickeln;3.44
Entwicklung;3.85
Episode;3.33
Epoche;3.45
erbaulich;3.38
Erdbeere;6.85
Erde;6.24
Erdgeschoß;6.09
Ereignis;3.91
Erfahrung;3.24
Erforschung;4.06
erfüllen;3.04
Ergänzung;3.48
Ergebnis;4.27
erheblich;2.96
Erkenntnis;3.73
Erklärung;3.55
erleben;4.4
Erledigung;3.58
Erlösung;2.7
Ermächtigung;3.23
Ermittlung;3.61
ermöglichen;3.08
Ermüdung;4.48
erneuert;4.62
Erneuerung;3.73
Erniedrigung;3.52
Eroberung;4.21
Errungenschaft;3.7
Ersatz;4.12
Erscheinung;3.58
Erschöpfung;4.64
ertragen;4.08
Erwägung;2.7
erweisen;2.68
erwünscht;2.81
essen;6.68
etabliert;2.92
evakuieren;4.36
ewig;1.58
Ewigkeit;1.94
Existenz;3.41
existieren;4.0
experimentieren;4.08
Explosion;5.76
extrem;2.5
Fabrik;6.18
fähig;3.27
Fähigkeit;3.21
Fahne;6.39
fahren;6.2
Fall;4.12
fallen;5.96
falsch;3.27
Familie;4.58
Faß;6.7
fassen;5.16
faul;4.58
fehlen;4.64
Feier;4.94
Feindseligkeit;3.27
Felsblock;6.7
Fensterflügel;6.24
fern;5.15
fesseln;5.88
fest;5.85
Feuer;6.42
Fieberwahn;4.21
Figur;5.1
filzig;5.73
finden;5.25
Findigkeit;2.7
finster;5.58
Firmament;4.36
fischen;6.33
Fischer;6.22
Flasche;6.55
Fleisch;6.27
Fleischer;6.3
fleißig;4.38
Flexibilität;3.21
fliegen;6.52
flüchtig;3.72
Fluß;6.55
Flut;5.67
Folge;3.67
folgen;5.2
Forderung;3.42
Form;4.12
Format;4.13
Fortdauer;3.03
Fortschritt;3.58
fortsetzen;4.13
Frage;3.93
fragen;5.44
Fragwürdigkeit;3.0
frech;5.0
fremd;4.46
freudig;3.73
Freund;4.76
Freundlichkeit;3.33
Fröhlichkeit;3.24
Frosch;6.61
Fuchs;6.88
fühlbar;4.85
fühlen;5.4
füllen;5.71
Funktion;3.63
funktionell;2.85
Fußknöchel;6.61
Gabel;6.67
gähnen;6.32
Gangster;5.48
Garten;6.3
geizig;4.58
Gebäude;5.76
geben;5.56
Gebet;3.58
gebieterisch;3.56
gebrauchen;4.44
gebrechlich;5.12
Gedächtnis;3.21
Gedanke;2.75
Gedicht;5.15
Geduld;3.37
Gefährdung;3.45
Gefangener;6.09
Gefängnis;6.33
gefleckt;6.23
Gegenteil;3.73
Gehalt;4.64
Gehässigkeit;3.24
gehen;6.52
Gehirn;6.0
Gehorsam;3.18
Geisel;5.44
Geist;2.44
geistig;2.38
Geistlosigkeit;2.06
Geklapper;5.36
gelangen;3.48
Gelassenheit;2.94
Gelegenheit;3.21
Gelenk;6.07
gelingen;3.36
gelten;3.0
Gemälde;5.73
Gemüt;2.33
genau;3.62
genehmigen;3.64
Genehmigung;3.79
Generation;4.06
generell;2.85
genießen;4.84
genügen;3.16
Genuß;3.76
geräumig;5.38
Gerechtigkeit;2.48
Geruch;4.36
geschehen;3.88
Geschenk;5.39
Geschichte;3.81
Geschick;3.64
Geschoß;6.06
Geschrei;4.9
gesellig;3.69
Gesetzgebung;3.91
gesetzlich;3.19
Gespenst;3.36
gestalten;4.04
Gestaltung;3.27
Gesundheit;4.21
Getränk;5.93
Getreide;6.42
Gewitter;6.06
gierig;5.08
Gift;5.18
Gitter;6.33
glänzen;4.76
glänzend;5.54
Glaube;2.44
glauben;3.0
Glaubwürdigkeit;2.82
Gleichnis;3.36
Gleichstellung;3.61
Gletscher;6.51
gliedern;3.84
global;2.62
Glück;3.1
Gnade;2.33
Gold;6.4
gönnen;4.24
gönnerisch;3.15
Göttin;3.24
Grab;6.29
graphisch;4.35
Gras;6.52
greifen;6.44
grimmig;4.69
groß;5.96
Großmutter;6.44
Großstadt;5.61
Grund;3.79
gründen;4.16
Grundlage;3.79
Grundrecht;3.97
Grundsatz;3.09
Gruppe;4.81
grüßen;5.52
gültig;3.46
gurgeln;6.12
gut;2.62
Gymnastik;5.42
hacken;6.24
Hafer;6.55
hager;6.08
halbieren;5.32
Halle;6.21
halten;5.2
Haltung;3.88
Hammer;6.58
handeln;4.92
Harfe;6.91
harmonisch;3.38
Härte;3.87
hassen;5.84
häufig;4.19
Hausschuhe;6.48
Haut;6.16
Heer;5.73
heftig;4.5
Heim;5.09
heimlich;3.69
heiraten;5.68
heißen;3.8
Heiterkeit;3.82
Hektar;5.63
Heldenmut;2.45
helfen;5.68
hemmen;4.36
Hemmnis;2.91
herb;4.88
Hergang;3.42
Herrscher;5.76
herstellen;5.08
Herzlichkeit;3.42
heutig;4.0
Himmel;4.77
Himmelreich;2.06
himmlisch;2.38
Hinblick;3.06
hindern;4.63
hintergehen;3.92
Hintergrund;3.97
Hirngespinst;2.36
historisch;3.0
hoch;6.23
Hochachtung;3.0
Hochschule;5.91
hocken;6.0
holperig;5.08
honorieren;3.72
hörbar;5.46
hören;6.32
Hotel;6.31
human;2.54
Humor;3.45
humpeln;6.44
hungern;6.24
hungrig;6.08
Hürde;5.27
Hütte;6.36
ideal;2.04
Ideal;2.55
Idee;2.7
identifizieren;3.0
ignorieren;3.04
illegal;2.88
Illusion;2.61
Immunität;3.48
Impfung;5.73
Inbegriff;2.67
indirekt;2.35
Industrie;4.67
Infektion;5.03
Information;4.24
informativ;2.77
Inhalt;4.0
inoffiziell;2.46
Insekt;6.18
Instanz;3.48
intelligent;2.46
Interesse;3.24
interpretieren;2.6
Interview;4.73
intim;3.19
investieren;3.28
Ironie;3.18
irreal;1.62
Irrtum;3.45
jagen;5.96
Jahreszeit;4.36
jährlich;4.88
jammern;6.13
jubelnd;4.73
jucken;6.0
Junge;6.09
Jungfrau;5.64
Kaffee;6.55
kahl;5.96
kalkulieren;2.96
kalt;6.12
Kameradschaft;3.7
kämpfen;6.2
kandidieren;3.96
kantig;6.15
kaputt;5.96
karikieren;3.48
Kartoffel;6.82
kassieren;5.46
katastrophal;3.5
Kategorie;2.94
Katze;6.79
kauen;6.44
kaufen;6.0
käuflich;4.46
Kausalität;2.48
Keller;6.33
kennen;3.76
Kenntnis;3.42
Kern;5.54
keuchen;6.16
Kilometer;5.21
Kind;6.36
kindlich;4.69
Kinn;6.51
kippen;6.08
Kirche;4.79
kirchlich;3.54
klagen;5.48
klären;3.48
klatschen;6.0
Klavier;6.58
Kleidung;5.62
klein;6.19
Kleinigkeit;3.25
klerikal;2.8
Klippe;6.18
klopfen;6.36
Kluft;4.55
knallen;6.28
knapp;4.65
knifflig;3.73
kochen;6.64
Kochtopf;6.69
kollegial;3.42
Kombination;3.28
kombinieren;3.48
Komödie;4.24
komplizieren;2.88
kompliziert;3.38
konferieren;3.12
konform;2.77
König;5.82
können;3.56
konsequent;3.04
konstruieren;4.36
konsumieren;4.71
kontinuierlich;3.77
Konzept;4.06
konziliant;2.42
Kopftuch;6.61
Körper;5.98
korrekt;3.35
korrigieren;4.6
Kosten;4.58
krabbeln;6.44
Kraft;4.06
kräftig;5.42
krank;5.46
kränken;5.08
Krankenhaus;6.44
Krankenwagen;6.64
Krankheit;4.72
Kreis;6.04
Kreislauf;5.03
kriegerisch;4.38
Krise;3.53
Kriterium;2.48
Kritik;3.24
kritisch;2.58
kritisieren;4.2
Küche;6.45
Kugel;6.39
kühl;5.77
Kühlschrank;6.73
Kummer;3.65
künftig;3.81
Künstler;4.67
kurieren;3.71
Kuriositäten;3.58
kurz;6.35
Kuß;6.39
küssen;6.8
Küste;6.15
labil;2.88
Labyrinth;5.06
lachen;6.84
Lager;5.51
lagern;5.21
landen;5.29
Landschaft;5.55
lang;6.27
langsam;5.38
lärmen;5.56
Larve;6.27
lassen;3.08
latent;1.92
laufen;6.48
Laune;3.42
laut;6.08
Lawine;6.39
leben;4.96
Lebhaftigkeit;3.45
Leckerbissen;5.0
ledig;4.88
leer;5.96
legen;6.04
Legende;3.7
lehren;4.24
Leiche;6.14
leicht;5.69
Leichtigkeit;3.16
leiden;5.36
Leidenschaft;2.97
leise;5.85
Lerche;6.64
lernen;4.84
leuchten;5.64
Leutseligkeit;2.7
liberal;2.19
Liberalismus;3.03
lieb;3.58
Liebe;3.53
lieben;5.4
Liebschaft;3.85
liegen;6.12
links;6.08
literarisch;2.96
loben;5.36
Logik;2.79
logisch;2.04
Lokomotive;6.76
lösen;4.52
Lösung;3.88
loyal;2.62
Luft;5.82
lüften;5.92
Lüge;3.62
lustig;4.77
Macht;3.97
mächtig;4.12
Machwerk;3.36
Mädchen;6.21
mähen;6.28
majestätisch;3.15
Makel;3.21
malen;6.16
Maler;5.69
malerisch;4.0
Mangel;4.09
manipulieren;3.76
männlich;5.12
markant;3.88
markieren;4.46
Markstück;6.39
Markt;5.56
Maschine;6.06
mäßig;3.46
Maßnahme;3.45
materiell;3.46
mauern;6.16
mechanisch;4.5
meditieren;3.63
Meer;6.3
meiden;4.8
Meineid;3.97
Meinung;3.39
Meister;5.27
melancholisch;3.19
meinen;3.36
merken;3.84
merklich;3.54
Merkmal;4.48
messen;5.24
Metall;5.85
Methode;3.33
methodisch;2.88
mieten;5.42
Mikroskop;6.36
mild;4.77
mildern;4.0
mindern;3.6
mischen;5.0
miserabel;3.46
Mißbilligung;3.45
Mißerfolg;3.88
mißlingen;4.16
mißtrauisch;4.23
Mißverständnis;3.61
Möbel;6.03
mobil;3.88
modern;3.15
mögen;4.56
Möglichkeit;2.91
monieren;3.0
Monat;4.62
monatlich;4.65
Mönch;6.24
monoton;3.88
Moor;6.3
Moral;2.19
moralisch;1.88
Mord;5.15
Morgengrauen;5.76
morsch;5.77
motivieren;2.96
mündig;3.35
Mündigkeit;3.27
mündlich;4.96
murren;5.6
Musiker;5.82
Musikinstrument;6.0
müssen;3.46
mutig;3.92
Mutmaßungen;2.88
Mutter;6.53
nachahmen;4.52
nachdenklich;4.31
nachprüfen;4.28
Nachteil;4.06
nachweisen;3.63
Nagel;6.73
nah;5.62
nähen;5.88
naschen;5.96
naß;6.65
Nässe;5.76
Nationalität;3.73
Neffe;6.27
negativ;2.73
nehmen;5.52
neidisch;3.88
Neigung;3.18
Nektar;5.58
neu;5.73
neutral;2.35
nicken;6.0
niedrig;5.77
niesen;6.54
Niveau;2.76
nobel;2.85
nominieren;3.72
Nonne;6.21
Norm;3.42
normal;2.19
Notfall;4.33
notieren;4.76
nötig;3.69
Notwendigkeit;3.36
Nutzen;3.3
nützen;3.79
oberflächlich;3.54
Objekt;4.09
objektiv;2.0
Ofen;6.25
Offenbarung;2.82
öffentlich;3.58
Öffentlichkeit;4.0
offiziell;2.69
ökonomisch;2.85
ölen;6.32
operieren;5.04
Opium;6.27
oppositionell;2.62
Orchester;6.0
ordentlich;4.62
organisieren;3.72
Orientierung;3.61
Orkan;6.03
örtlich;4.69
oval;6.08
packen;5.92
paktieren;1.5
Palast;6.1
Panik;4.07
Papier;6.43
parallel;4.54
parken;5.88
Parole;3.82
parteiisch;2.77
passen;3.44
passieren;3.28
passiv;3.85
Patent;4.27
pedantisch;3.58
peinlich;2.88
Pelz;6.21
pensionieren;4.08
perfekt;2.42
periodisch;3.54
Person;5.7
Perspektive;3.06
Pfeffer;6.79
Pfeife;6.33
pfeifen;6.54
Pfeil;6.52
Pferd;6.79
pfiffig;3.96
Pfirsich;6.79
Pflanze;5.79
pflegen;4.4
Pflicht;3.0
Phantasie;2.55
Phase;3.47
Photographie;6.33
photographieren;6.12
Phrase;3.39
Pianist;5.85
pickelig;5.96
Plakat;6.14
Plan;4.63
planen;4.16
platt;6.12
platzen;5.92
plausibel;2.31
pochen;5.44
poetisch;3.0
Pol;5.09
polieren;5.6
politisch;2.69
Polizist;6.24
populär;3.04
positiv;2.42
Postkutsche;6.7
prächtig;4.23
Prädikat;3.3
prägen;3.88
praktisch;3.46
präsentieren;3.56
präzise;3.65
präzisieren;3.16
Prestige;2.52
Priester;5.85
Prinzip;2.82
prinzipiell;2.12
probieren;5.21
Problem;3.0
produzieren;4.8
professionell;3.12
Professor;5.73
Profil;4.97
profitieren;3.36
prominent;3.04
prophezeien;3.42
protestieren;4.36
Prozession;4.82
prüde;2.92
prüfen;4.28
Prüfung;4.24
psychologisch;2.08
Pudding;6.42
pumpen;6.32
pünktlich;4.65
Puppe;6.27
putzen;6.16
Quadrat;5.76
quadratisch;5.73
quälen;5.48
Qualität;3.12
quetschen;6.16
quirlig;4.88
rächen;4.78
radikal;3.27
rasch;5.23
Rat;3.85
raten;4.28
Räuber;5.6
Raubtier;5.82
Raupe;6.48
Reaktion;3.76
real;2.35
realisieren;3.36
rechnen;5.0
Recht;2.7
rechts;5.69
Redlichkeit;2.85
Redner;5.79
reduzieren;3.16
reformieren;3.0
Regel;3.61
regelmäßig;3.81
regeln;3.76
regungslos;5.73
reichen;4.58
rein;4.58
reisen;5.8
religiös;2.92
reparabel;3.88
Reptil;6.12
Reserve;4.06
reservieren;4.28
respektabel;2.85
resultieren;2.58
retten;5.52
revidieren;2.72
revolutionär;2.58
Revolver;6.73
Rheumatismus;5.3
rhythmisch;5.12
Richter;5.66
richtig;3.36
Richtigkeit;3.24
Richtung;4.39
riechen;6.12
rigoros;3.38
riskieren;3.52
ritterlich;3.31
rivalisieren;3.76
roh;5.19
Rolle;4.24
rollen;5.96
rosten;5.28
rot;6.5
rotieren;4.67
Rückschritt;3.48
rufen;6.08
ruhig;4.65
Ruhm;3.05
rühmen;3.71
Rumpelkammer;6.21
rund;6.62
rüsten;4.44
Rüstung;5.42
Sache;3.64
sachlich;3.27
sacht;4.5
sagen;6.16
sägen;6.72
Salat;6.45
sammeln;5.68
sanft;4.96
Sänger;5.82
satt;5.81
sauber;5.38
Sauberkeit;4.27
sauer;5.88
Sauerstoff;6.0
Säugetier;6.19
Säugling;6.3
Schädel;6.64
schaden;4.08
Schaden;4.64
schaffen;4.32
schal;4.19
Schamgefühl;3.27
Schatten;5.61
schätzen;3.8
schauerlich;3.96
Schaum;6.17
Schauspiel;4.94
scheinen;3.24
Scheinwerfer;6.33
scheitern;4.24
schematisch;3.23
Schicksal;2.3
schief;5.85
Schiff;6.41
schildern;4.63
schimpflich;3.23
schlagen;6.56
Schlamm;6.45
Schlange;6.45
schlecht;3.08
schleichen;6.04
Schleier;5.67
Schleim;5.96
Schlemmer;5.06
schlicht;4.27
schließen;5.12
Schlinge;6.24
schluchzen;6.44
schmal;6.04
schmerzen;5.6
Schmetterling;6.52
Schmied;6.42
Schmutz;5.31
schmutzig;5.92
schneiden;6.24
schnell;5.77
schnüffeln;6.29
schön;3.73
Schöpfer;2.88
schrauben;6.28
schreiben;6.36
schreien;6.64
schriftlich;5.38
Schriftsteller;5.82
schuldig;2.46
Schüler;6.06
schützen;4.76
schwach;5.04
schwächen;4.12
schwarz;6.81
schweigen;5.92
schwer;5.92
Schwerkraft;4.91
Schwerpunkt;4.15
schwierig;3.77
Schwierigkeit;3.36
schwimmen;6.71
schwül;5.35
See;6.52
Seegang;5.45
Seele;2.72
Segen;3.09
sehen;6.4
seiden;5.85
Seil;6.52
Seiltänzer;6.18
Selbständigkeit;3.36
Selbstverständlichkeit;2.73
selten;3.73
Semester;4.73
senden;4.52
senken;4.88
seriös;3.46
Sessel;6.69
sich_amüsieren;5.16
sich_anstrengen;4.56
sich_arrangieren;3.54
sich_aufwärmen;5.84
sich_bedanken;4.72
sich_befassen;3.29
sich_beschränken;3.52
sich_beteiligen;4.68
sich_bewegen;5.72
sich_bieten;3.0
sich_borgen;5.36
sich_bücken;6.28
sich_distanzieren;3.72
sich_ducken;5.96
sich_eignen;2.88
sich_entscheiden;4.12
sich_entschließen;3.52
sich_ereignen;3.88
sich_ergeben;3.68
sich_erinnern;4.36
sich_freuen;5.75
sich_gewöhnen;3.64
sich_informieren;4.04
sich_interessieren;3.96
sich_irren;4.56
sich_isolieren;3.84
sich_konzentrieren;4.2
sich_mühen;4.04
sich_orientieren;3.92
sich_qualifizieren;3.28
sich_rentieren;2.68
sich_sehnen;4.4
sich_streiten;5.68
sich_täuschen;4.24
sich_treffen;4.88
sich_trennen;5.36
sich_verabreden;4.52
sich_weigern;4.48
sich_widersetzen;4.8
sich_wünschen;4.28
sichern;3.88
sichtbar;5.81
Siedlung;5.82
Sieg;4.39
siegen;4.72
silbern;6.04
simulieren;3.54
simultan;2.96
Sinnesempfindung;3.3
Sitte;2.76
Situation;3.03
sitzen;6.52
skeptisch;3.04
skizzieren;4.79
Sklave;5.61
solidarisieren;3.96
solide;3.5
Sonate;5.3
sonnig;5.92
sorgen;4.84
sortieren;5.44
Soße;6.06
sozial;2.46
Sozialist;4.7
sparen;5.32
sparsam;4.77
Spaß;3.44
spekulieren;3.4
speziell;2.62
spielen;6.32
Spirale;5.48
spitz;6.19
Sport;4.55
sportlich;4.85
Sprache;4.08
sprechen;6.72
Sprichwort;4.12
springen;6.36
Sprühregen;6.12
spürbar;4.58
stämmig;5.69
Standpunkt;3.67
Stange;6.21
stark;5.42
stärken;4.4
stattfinden;3.68
Staub;6.45
stehen;6.2
Steigerung;3.48
steil;5.81
Stein;6.63
Stelldichein;4.42
sterben;6.52
Stern;6.16
stiften;3.76
Stil;3.45
still;5.23
Stille;4.64
stimmen;3.88
Stimmung;3.12
Stirn;6.49
stolpern;6.36
stolz;4.04
Stolz;3.12
Stoß;5.24
strafen;5.56
strahlen;5.21
Strand;6.32
Straße;6.3
strategisch;2.65
streben;3.58
streng;3.92
Struktur;3.91
strukturieren;3.24
studieren;4.24
Stuhl;6.54
stumm;5.92
Sturm;6.06
stürzen;5.92
subjektiv;2.0
Substanz;3.48
Suche;4.0
suchen;5.32
Sumpf;6.24
sündig;2.08
süß;5.88
Süßigkeiten;5.82
symbolisieren;2.12
sympathisieren;3.64
Symptom;3.67
System;4.03
systematisch;2.92
tagen;4.16
täglich;4.88
Takt;4.06
Tal;6.24
Tapferkeit;2.85
tasten;6.12
Tat;4.61
Tatsache;4.0
tatsächlich;3.0
taugen;3.42
tauschen;5.52
Täuschung;3.58
technisch;4.15
teilen;5.36
Tendenz;2.79
tendieren;2.48
terminieren;2.76
testen;3.71
teuer;4.25
Teufel;3.76
Thema;3.27
thematisch;3.08
theoretisieren;2.48
Theorie;2.61
tief;5.73
Tier;5.88
Tinte;6.46
tippen;5.84
Tod;4.72
Todeskampf;5.12
tödlich;5.19
tolerieren;3.08
Torheit;3.18
total;2.77
töten;6.88
Totschlag;5.36
traditionell;2.54
tragen;6.0
transparent;4.62
Transport;4.97
transportieren;5.84
trauen;4.32
Traum;3.9
träumen;6.04
traurig;4.73
Traurigkeit;3.15
treu;2.85
Treue;2.89
trinken;6.8
Trinkspruch;4.7
trocken;6.5
trocknen;5.84
trösten;5.52
Trugschluß;2.91
tüchtig;3.81
Tür;6.67
turnen;6.6
typisch;2.85
üben;4.84
Überblick;3.42
Übereinstimmung;3.58
überfallen;5.44
überflüssig;3.12
überlassen;3.64
Überlegung;3.09
überliefern;3.76
überraschen;4.42
Überschneidung;3.79
Überschwemmung;5.88
überschwenglich;3.62
überstehen;3.4
übertragen;2.84
Übertretung;3.67
überwiegen;3.04
üblich;2.88
Uhr;6.21
umarmen;6.72
Umgang;3.03
umgänglich;3.5
umreißen;3.08
umschreiben;3.68
Umstand;3.27
umständlich;3.85
Umweltverschmutzung;5.55
unabhängig;3.0
Unbesonnenheit;2.69
unbeweglich;5.5
Undank;3.3
unfaßbar;2.27
Unglück;3.45
unglücklich;3.38
unpünktlich;4.85
Unsinn;2.82
Untauglichkeit;3.64
unterbleiben;2.76
unterbreiten;2.92
unterlassen;3.36
unternehmen;4.36
unterschätzen;3.2
unterscheiden;3.68
Unterscheidung;3.18
unterschiedlich;4.0
Unterschlagung;4.61
unterstützen;4.68
untersuchen;4.52
Unterwelt;3.55
unterwürfig;3.65
unwirklich;2.77
Unwirklichkeit;2.76
Unwissenheit;3.24
Urheber;4.39
Ursprung;3.19
ursprünglich;2.69
urteilen;3.88
variieren;3.24
väterlich;4.12
verallgemeinern;2.88
veränderlich;3.73
Veranlagung;2.79
veranlassen;3.36
Veranlassung;3.12
Veranstaltung;4.79
Verantwortung;3.12
verbleiben;2.96
Verbrechen;4.3
Verbreitung;3.82
Verbrennung;5.76
Verdacht;3.3
verdächtig;3.15
verdächtigen;3.84
verdanken;3.16
verdoppeln;4.52
Vereinheitlichung;3.19
Vererbung;4.3
verfahren;2.92
verfallen;5.46
Verfassung;4.36
verfolgen;5.25
Verfügung;3.63
Vergangenheit;3.27
vergessen;4.76
Vergleich;3.36
vergleichen;4.32
Vergnügen;3.61
Verhalten;3.03
Verheimlichung;3.3
verkaufen;6.08
verlängern;4.64
Verlauf;3.52
verlegen;3.69
verletzen;5.8
Verlobung;4.21
Verlust;3.5
vermitteln;3.16
Vermittlung;3.76
vermuten;3.4
Vermutung;2.88
vernünftig;3.27
Verordnung;3.97
verpflichten;3.48
Verrat;3.58
versachlichen;2.76
versagen;4.16
Versammlung;5.33
Versäumnis;3.76
verschaffen;3.92
verschieden;4.0
Verschiedenheit;2.79
Verschleierung;2.79
verschließen;4.96
versichern;3.84
versonnen;4.0
versorgen;4.36
Verstand;2.76
Verständnis;2.91
verstehen;3.88
Versuch;4.18
versuchen;3.92
Vertrag;4.52
Vertrauen;2.59
verursachen;3.36
Vervielfältigung;4.7
Verwaltung;4.39
verwenden;4.0
Verwunderung;2.79
verwundet;6.08
verzeihen;4.12
Verzicht;3.55
verzichten;4.32
Verzierung;4.67
Verzögerung;3.34
Vieh;6.18
violett;6.38
vital;4.35
Vogel;6.36
Volkswirtschaft;3.82
vollenden;4.28
Vollkommenheit;2.45
Vollmacht;3.67
vollziehen;3.24
voraussetzen;2.92
Voraussetzung;3.3
Vorbedacht;2.7
vorbildlich;2.96
Vorfall;3.82
vorkommen;3.32
vorläufig;2.65
Vorrecht;3.33
vorschlagen;4.36
Vorstellung;3.24
vorteilhaft;3.69
Vortrag;4.78
vortragen;4.52
Vulkan;6.39
wach;5.31
Wache;5.12
Waffenstillstand;4.69
wählen;4.96
Wahnsinn;3.22
wahr;2.27
Wahrheit;3.24
Wahrnehmung;3.09
Wald;6.45
wandern;6.6
warm;5.62
waschen;6.44
Wechsel;4.45
wechseln;4.0
weich;5.88
Weihnachten;4.76
Weise;3.48
weiß;6.65
welk;6.0
Welt;3.73
weltlich;2.5
weinen;6.71
werben;4.52
Werbung;4.5
werfen;6.44
Wert;2.48
werten;3.4
wesentlich;2.19
Wettbewerb;4.18
wetten;4.84
wichtig;3.15
Widerspiegelung;4.16
wiederholen;5.0
Wiederholung;4.18
Wiege;6.24
Wiese;6.52
wild;4.77
Windhauch;5.27
Winkel;5.56
winken;6.24
Winter;5.73
winterlich;5.38
Wirklichkeit;3.48
Wirkung;3.64
wissen;3.6
Witz;4.18
witzig;4.04
Wohlfahrt;3.48
Wohlstand;3.53
Wohnung;6.0
wolkig;5.92
Wolle;6.55
wörtlich;4.19
wühlen;6.04
würzig;5.4
zaghaft;4.08
zäh;5.23
zahlen;5.72
zählen;5.79
zart;5.31
Zauberkünstler;5.3
zeichnen;6.36
zeigen;5.24
Zeit;2.88
Zeitalter;3.39
Zeitung;6.54
zentral;4.65
zerreißen;6.4
Zerstörung;5.12
ziehen;5.84
Ziel;4.03
zielen;5.28
Zigarre;6.7
Zimmer;6.01
Zitat;4.33
zitieren;3.76
Zitrone;6.85
zivil;3.27
zögern;5.04
zornig;4.69
Zufall;2.76
zufällig;3.65
zufügen;4.0
Zugehörigkeit;3.15
zügig;4.38
Zukunft;2.48
zulassen;3.68
Zumutung;3.33
zunehmen;4.4
Zuordnung;3.42
zusammenfassen;3.72
Zusammenhang;3.36
zusammenstoßen;6.12
Zusatz;3.48
zusätzlich;3.65
Zustand;3.24
Zuständigkeit;3.33
Zuverlässigkeit;3.09
zuversichtlich;3.46
Zuwachs;4.03
Zweifel;3.12
zweifelhaft;2.35
Zwielicht;4.24
zwingen;5.13
Abdruck;5.08
Abend;4.97
Abfahrt;4.47
Ablauf;3.48
Absatz;4.87
Abschaum;4.13
Abscheu;3.23
Abstand;4.19
Abstieg;4.13
Absturz;4.14
Abteil;5.9
Abzweig;4.43
Achse;5.83
Advent;4.53
Ahorn;6.48
Aids;4.49
Akkord;4.33
Akne;6.12
Akte;5.93
Akteur;4.66
Akzent;3.98
Album;5.8
Alge;6.19
Ampel;6.26
Amsel;6.59
Andrang;4.01
Anfahrt;4.25
Angel;6.53
Anhang;3.96
Anker;6.44
Ankunft;4.03
Anlass;3.28
Anlauf;4.13
Anmut;3.08
Anrecht;3.33
Anreiz;3.46
Ansatz;3.26
Anschlag;4.24
Ansporn;3.47
Antrieb;3.58
Anus;6.04
Anwalt;5.55
Anzahl;3.74
Anzug;6.35
Applaus;4.99
Archiv;5.52
Arsch;5.76
Arznei;5.64
Ass;5.2
Ast;6.29
Ästhet;4.28
Asthma;4.92
Athlet;5.57
Aufriss;4.1
Aufsatz;5.18
Aufsicht;4.14
Aufstieg;4.04
Aufzug;6.2
Ausflug;4.82
Ausguck;5.34
Auskunft;3.58
Autor;5.17
Baby;6.18
Bach;6.23
Bad;6.19
Bagger;6.54
Bahn;5.94
Balken;6.38
Balkon;6.59
Ball;6.46
Balsam;5.11
Bambus;6.57
Bankrott;4.06
Bar;5.99
Basar;5.9
Bastard;4.35
Bastler;5.37
Bauer;6.1
Baum;6.36
Becken;5.76
Beet;6.43
Befund;4.35
Beifall;5.2
Bein;6.63
Beleg;4.88
Bericht;4.73
Besen;6.39
Bestand;3.66
Besteck;6.57
Bestie;4.58
Besuch;4.19
Betreff;3.34
Betrug;3.94
Bett;6.58
Biest;4.46
Bildnis;5.11
Bildung;3.41
Binde;6.21
Birke;6.57
Bistro;5.69
Bitte;3.57
Blatt;5.75
Blech;6.11
Blinker;6.29
Blume;6.14
Blutung;5.66
Bogen;5.5
Bohne;6.42
Bombe;6.01
Bonbon;6.24
Boot;6.53
Bordell;5.99
Bosheit;3.19
Bote;5.53
Braut;6.21
Brezel;6.38
Brücke;6.64
Bruder;5.89
Brust;6.25
Büchse;5.74
Buckel;6.06
Büfett;5.73
Bühne;6.35
Bündel;5.68
Büro;5.85
Dach;6.39
Dackel;6.6
Dame;5.5
Damm;6.04
Dämon;4.24
Dank;3.45
Daumen;6.57
Decke;6.28
Deckel;6.35
Delle;5.99
Delphin;6.59
Denkmal;6.35
Depp;3.97
Dessert;5.69
Diele;5.92
Dildo;6.37
Dirne;4.92
Disco;5.66
Distrikt;4.15
Diva;4.49
Docht;6.43
Dorf;6.33
Dose;6.26
Draht;6.0
Drangsal;3.38
Dreck;5.36
Drogen;5.7
Drohung;4.07
Drucker;6.02
Dummheit;3.33
Dürre;4.64
Dusche;6.65
Echo;4.26
Efeu;6.5
Ehre;3.26
Ehrung;3.69
Eiche;6.35
Eifer;3.12
Einfahrt;5.19
Eintritt;4.15
Eisen;6.04
Eiter;5.98
Ekel;3.13
Ekzem;5.77
Elan;3.65
Elfe;4.64
Engel;5.42
Ente;6.34
Erbse;6.61
Eule;6.46
Fabel;4.83
Fackel;6.35
Faden;6.47
Fähre;6.43
Fahrer;5.68
Fahrt;4.47
Faktor;3.53
Falle;5.19
Farbe;5.1
Farmer;5.64
Faser;6.17
Fass;6.21
Fäulnis;4.81
Fee;5.09
Feigling;4.54
Feind;4.02
Feld;5.71
Felsen;6.71
Fenster;6.31
Ferse;6.35
Fessel;6.25
Fest;5.28
Fete;4.95
Fetzen;5.4
Fick;5.01
Fieber;4.76
Film;5.82
Filter;6.2
Finger;6.48
Fisch;6.33
Fixer;4.93
Flagge;6.46
Fleiss;3.22
Flinte;6.23
Flirt;4.55
Fluch;3.33
Fluss;6.18
Fokus;3.89
Folie;6.05
Folter;4.05
Fön;6.29
Formel;4.29
Fotze;5.81
Fracht;5.64
Fratze;4.83
Freibad;6.13
Freiheit;3.52
Freude;3.96
Frieden;3.42
Frische;3.65
Frucht;5.84
Frühling;4.25
Frust;3.04
Fülle;3.66
Funzel;5.47
Furcht;3.39
Furie;4.31
Furz;5.37
Futter;6.06
Gaffer;4.79
Galgen;6.54
Galle;5.66
Gang;5.04
Garn;6.3
Gasse;5.75
Gatte;5.15
Gebäck;6.31
Gebälk;5.7
Gebiet;4.65
Gebiss;6.47
Gebrauch;3.67
Gebrüll;4.61
Geburt;5.43
Gebüsch;6.28
Gedärm;5.45
Gefahr;3.83
Gefühl;3.19
Geheul;4.07
Geier;6.49
Geilheit;3.19
Geiz;3.31
Gemächt;5.61
Gemahl;5.04
Genie;3.89
Genuss;3.75
Gepäck;6.11
Gesang;4.81
Geschwür;5.59
Gesicht;6.22
Gespött;3.79
Gestank;4.34
Getier;5.22
Gewalt;3.95
Gewand;5.82
Gewinn;4.06
Gewühl;4.33
Gewürm;5.16
Gezänk;3.62
Ghetto;5.06
Giebel;6.06
Gier;3.46
Gipfel;5.96
Glanz;3.97
Glas;6.38
Gleis;6.56
Glied;5.73
Glitzer;5.52
Golf;5.75
Gondel;6.06
Göre;4.85
Graphik;5.31
Grazie;3.94
Grind;5.87
Grinsen;4.7
Grübchen;5.93
Gruft;6.2
Gründer;4.74
Gunst;3.53
Güte;3.29
Hafen;6.25
Hai;6.51
Hälfte;4.99
Handel;4.26
Handlung;3.2
Harem;5.13
Häscher;4.22
Hass;3.62
Hast;3.39
Hauch;4.22
Hecke;6.22
Heft;6.19
Hefter;6.39
Hehler;4.68
Heil;3.38
Heilung;3.87
Heimat;3.87
Hektik;3.38
Held;4.45
Helfer;5.0
Hemd;6.03
Hengst;6.2
Henkel;6.54
Henker;5.59
Herkunft;3.87
Herpes;5.79
Herz;6.22
Hetze;3.48
Hilfe;4.14
Hintern;6.29
Hobby;3.87
Hochzeit;5.59
Hocker;6.59
Hoden;6.68
Hoffnung;3.22
Hohn;3.21
Hölle;3.93
Holz;6.01
Honig;6.58
Horror;3.67
Hose;6.37
Hüfte;6.32
Hure;5.29
Husten;5.12
Hut;6.45
Hymne;4.62
Idol;3.82
Import;3.97
Infarkt;4.92
Inzest;3.91
Inzucht;3.84
Irrer;4.26
Irrsinn;3.09
Jacke;6.26
Jammer;3.42
Jubel;4.49
Jugend;3.96
Juwel;5.57
Kabel;6.3
Kachel;6.23
Kacke;6.13
Kaff;4.92
Kamm;6.52
Kanne;6.35
Kante;5.93
Kappe;6.42
Kapsel;5.73
Karpfen;6.59
Karte;6.04
Karton;6.1
Käse;6.44
Kasse;6.14
Kasten;5.81
Kelle;6.56
Kerker;5.97
Kessel;6.43
Ketzer;4.39
Kiesel;6.46
Kiffer;5.14
Killer;4.91
Kippe;6.3
Kirsche;6.49
Kissen;6.45
Kitzel;3.92
Klage;4.05
Klammer;6.13
Klempner;6.12
Klima;3.99
Klingel;6.3
Klinik;6.01
Klinke;6.51
Klo;6.46
Klugheit;3.0
Knabe;5.99
Knast;6.21
Knie;6.33
Knopf;6.44
Knorpel;5.99
Knospe;6.3
Knoten;6.07
Knüppel;6.21
Koks;6.11
Kokser;5.04
Kollaps;4.04
Koma;4.75
Komfort;3.11
Komik;3.59
Kompass;6.42
Kondom;6.7
Konfekt;6.16
Kontext;3.73
Korb;6.27
Korken;6.6
Korn;5.61
Kot;6.28
Köter;5.66
Kotze;6.34
Krach;4.0
Krake;6.49
Kralle;6.27
Krampf;4.83
Kran;6.61
Krätze;4.81
Kräuter;6.18
Krebs;5.23
Kreide;6.39
Krieg;4.75
Kristall;6.31
Krücke;6.22
Krug;6.56
Krüppel;5.29
Kuchen;6.1
Kuh;6.41
Kuhle;5.69
Kühnheit;3.31
Küken;6.47
Kunde;5.1
Kunst;3.8
Kuppel;6.19
Kuppler;4.6
Kurs;4.29
Kurve;5.67
Kuss;5.85
Lächeln;4.48
Lachen;4.68
Laden;5.92
Ladung;5.09
Lampe;6.44
Laub;6.46
Läufer;5.76
Leder;5.98
Lehre;4.17
Lehrer;5.87
Leichnam;6.13
Leid;3.1
Leistung;3.13
Leiter;6.11
Lepra;5.19
Lesbe;5.15
Lesung;4.55
Licht;5.53
Liebchen;3.92
Liebling;4.16
Liebster;4.31
Lied;5.12
Lilie;6.49
List;3.89
Lizenz;4.36
Lob;3.71
Locke;6.23
Lockung;3.63
Löffel;6.54
Lohn;5.02
Lücke;4.79
Luder;4.32
Lügner;4.04
Lumpen;5.63
Lunge;6.31
Lust;3.87
Lüstling;4.46
Luxus;3.63
Macke;3.9
Made;6.0
Magen;6.14
Magie;3.28
Maid;5.45
Mais;6.6
Mama;5.65
Manie;3.2
Mantel;6.23
Märchen;4.55
Masseur;5.55
Mast;5.87
Maul;5.81
Mehl;6.47
Memme;4.31
Menü;4.83
Mief;3.79
Milben;6.23
Milde;3.36
Mist;5.21
Mitte;4.21
Moder;4.53
Modul;4.52
Moment;3.44
Monster;5.13
Monteur;5.59
Morast;5.29
Mörder;5.14
Moschus;5.38
Möse;6.0
Mühle;6.41
Müll;5.88
Mund;6.62
Münze;6.65
Murmel;6.26
Muschi;6.13
Musik;4.84
Muskel;6.2
Mut;3.79
Mutant;4.76
Mütze;6.31
Mystik;3.13
Mythen;3.12
Nacken;6.53
Nadel;6.7
Nähe;3.7
Name;4.78
Narbe;6.25
Nase;6.71
Natter;6.53
Nazi;5.34
Neid;3.02
Nigger;4.98
Nippel;6.37
Not;3.42
Notar;5.49
Notiz;5.1
Nutte;5.23
Obdach;5.05
Obhut;4.18
Opfer;4.71
Ordner;6.11
Ordnung;3.93
Organ;5.75
Orgie;4.67
Paar;5.48
Paarung;4.37
Packung;5.7
Paddel;6.56
Paket;6.03
Parfüm;5.89
Party;5.31
Pech;3.46
Pein;3.13
Pendel;6.39
Penis;6.7
Penner;5.08
Perle;6.37
Pest;4.9
Petze;3.93
Pfanne;6.48
Pflege;3.87
Pfusch;3.93
Phobie;3.07
Pickel;6.36
Picknick;5.61
Pimmel;6.41
Pisse;6.17
Pizza;6.5
Plage;3.94
Plane;6.17
Platte;5.44
Pleite;4.11
Pöbel;4.63
Pocken;5.64
Poet;4.64
Polyp;5.68
Popel;6.33
Popo;6.45
Porno;5.52
Pracht;3.9
Prämie;4.63
Prärie;5.15
Produkt;4.7
Profi;4.19
Profit;4.36
Prospekt;5.75
Prügel;4.67
Puff;5.55
Pups;5.32
Pussy;5.33
Qual;3.8
Quartier;5.09
Rache;3.67
Rächer;4.11
Rampe;6.06
Raps;6.14
Rasen;6.13
Rassist;4.51
Rasur;5.45
Ratte;6.45
Raub;4.51
Rechner;6.19
Regal;6.33
Reichtum;3.73
Reife;3.37
Reifung;3.21
Reise;4.41
Reiz;3.46
Rekord;4.68
Ressort;4.34
Retter;4.88
Rettung;3.88
Riegel;6.15
Röhre;5.88
Roman;5.6
Rose;6.66
Rotz;5.37
Ruder;6.47
Ruhe;3.27
Rührung;3.45
Ruin;3.68
Rülpser;5.05
Rüpel;4.55
Saal;6.02
Sadist;3.98
Sahne;6.4
Salbung;4.23
Sammler;5.09
Sand;6.18
Saphir;6.17
Sarg;6.43
Satan;4.07
Satin;5.99
Satz;4.94
Sau;6.53
Säufer;5.43
Säule;6.02
Sauna;6.29
Schabe;6.41
Schaf;6.61
Schal;6.51
Schale;6.39
Schalk;3.92
Schalter;6.1
Schande;3.56
Schatz;4.89
Schaufel;6.58
Scheide;6.42
Scheisse;5.77
Schema;3.57
Schenkel;6.35
Schere;6.68
Scherz;3.83
Scheusal;3.69
Schiene;6.28
Schilf;6.55
Schimmel;5.75
Schinken;6.34
Schirm;6.42
Schiss;3.97
Schlacht;4.59
Schlaf;5.03
Schläger;5.37
Schlampe;4.91
Schlaufe;6.04
Schlips;6.45
Schlund;5.12
Schmaus;4.9
Schmerz;3.43
Schmuck;6.17
Schnauze;5.64
Schnee;6.56
Schnitt;5.05
Schnösel;4.22
Schnur;6.21
Schock;3.49
Schrank;6.56
Schreck;3.67
Schrei;4.4
Schrift;4.93
Schuft;4.48
Schuh;6.63
Schuld;3.07
Schulden;4.29
Schulter;6.57
Schurke;4.69
Schüssel;6.71
Schutz;3.81
Schwamm;6.17
Schwanz;6.17
Schwarm;4.39
Schweiss;5.72
Schwinge;4.92
Schwuler;5.0
Schwung;3.95
Schwur;3.59
Segnung;3.38
Seide;5.82
Sekt;6.49
Selters;6.21
Sender;4.62
Sendung;4.86
Sequenz;4.07
Seuche;3.97
Sex;5.44
Sieb;6.5
Siegel;5.96
Sieger;4.82
Silbe;4.57
Sitz;5.6
Ski;6.33
Slalom;5.17
Sockel;5.76
Sohle;6.15
Soja;5.84
Sommer;5.16
Sonne;6.03
Sorte;3.72
Spalte;5.58
Spange;6.06
Spanner;4.7
Spass;3.37
Speichel;6.29
Speicher;5.21
Spektrum;3.94
Spende;4.49
Sperma;6.39
Spiegel;6.44
Spinner;4.39
Spion;5.07
Spitzel;4.86
Spott;3.6
Spritze;6.51
Spucke;6.29
Stachel;6.38
Stahl;5.75
Stamm;5.87
Stapel;5.78
Stärke;3.44
Stasi;4.72
Statut;4.37
Stecher;4.47
Stecker;5.82
Steuer;4.82
Stiefel;6.63
Stiel;6.36
Stift;6.28
Stinker;4.03
Stoff;4.74
Störer;4.52
Strahlen;3.83
Strasse;6.38
Streifen;5.33
Streit;4.18
Stress;3.42
Stricher;4.68
Strick;6.17
Strumpf;6.35
Student;5.56
Stufe;6.27
Stummel;5.69
Stümper;4.07
Stunde;4.37
Stunk;3.71
Stute;6.47
Sucht;3.69
Suff;4.04
Summe;3.91
Sünde;2.81
Suppe;6.24
Tafel;6.19
Talent;3.34
Tango;5.69
Tanz;5.12
Tänzer;5.6
Tasche;6.24
Tasse;6.53
Taste;6.2
Täter;4.91
Taxi;6.47
Technik;4.14
Teig;6.35
Tennis;6.12
Teppich;6.17
Terror;3.35
Tisch;6.7
Toaster;6.71
Torte;6.69
Tötung;4.52
Tragik;3.18
Traktor;6.45
Transfer;3.91
Trauer;3.38
Trauma;3.79
Träumer;4.39
Trauung;4.64
Treffer;4.37
Trennung;4.1
Treppe;6.26
Tripper;4.72
Triumph;3.4
Trophäe;5.73
Tröster;4.06
Trottel;4.39
Trübsal;3.3
Truhe;6.52
Trumpf;4.09
Tube;6.53
Tuch;6.19
Tücke;3.33
Tugend;3.32
Tumor;5.68
Tunte;4.96
Turm;6.36
Umlaut;4.43
Umschlag;6.41
Unheil;3.34
Urin;6.19
Urlaub;4.62
Urne;6.31
Urteil;3.87
Verb;4.11
Verbot;3.98
Verkauf;4.23
Verriss;3.63
Viper;6.1
Vorbild;4.0
Vorgang;3.61
Vorhang;6.28
Vorspiel;4.17
Vorteil;3.45
Vulva;5.97
Wachs;6.37
Wachstum;4.16
Wade;6.53
Waffe;5.96
Waggon;6.65
Wampe;5.74
Wanst;4.97
Wanze;6.28
Wärme;4.07
Warze;6.39
Weisheit;2.87
Weste;6.46
Wichser;4.39
Wille;2.98
Wissen;3.11
Wohl;3.31
Wollust;3.23
Wonne;3.19
Wort;4.87
Wunde;5.73
Wunder;3.02
Wunsch;3.79
Würde;3.15
Würger;5.01
Würze;4.73
Wut;3.26
Yacht;6.4
Zank;3.65
Zauber;3.37
Zecke;6.35
Zeichen;4.71
Zeile;5.46
Zelle;5.99
Zelt;6.35
Zettel;6.23
Zicke;4.45
Zimt;6.22
Zombie;4.43
Zorn;3.95
Zufahrt;4.84
Zufuhr;4.32
Zug;6.4
Zugang;3.81
Zugriff;3.79
Zutritt;4.18
Abbau;3.08
Abbild;4.39
Abbruch;3.64
Abfluss;5.13
Abgrenzung;3.9
Ablagerung;4.79
Ablehnung;3.98
Ablenkung;4.36
Abruf;3.45
Abschaffung;3.71
Abschluss;3.85
Abschnitt;3.62
Abstimmung;4.4
Abteilung;4.34
Abwechslung;3.14
Abwicklung;3.01
Abzug;3.25
Ader;5.8
Adler;6.14
Adresse;4.99
Affäre;4.34
Affe;6.33
Agent;5.1
Aggression;3.97
Akt;4.88
Aktie;4.17
Aktion;3.64
Aktionär;4.63
Aktivität;3.79
Alarm;4.82
Allianz;3.65
Alm;5.92
Alptraum;4.88
Altar;5.78
Amt;4.82
Anbau;4.21
Anblick;3.98
Anfrage;4.62
Ankündigung;3.95
Anlage;4.27
Anpassung;2.98
Anruf;4.63
Anschaffung;3.62
Anschluss;4.12
Anschuldigung;4.28
Anspruch;3.37
Anstalt;3.82
Antlitz;4.52
Antrag;4.53
Anweisung;3.79
Anwendung;3.43
Anzeige;4.92
Apfelsine;6.72
Apotheke;6.35
Appell;2.99
Arbeit;4.62
Arbeiter;5.05
Arbeitgeber;4.25
Arbeitsamt;6.11
Arbeitskraft;4.33
Arbeitslosigkeit;4.6
Arbeitsplatz;4.92
Arbeitsteilung;3.43
Arbeitszeit;4.12
Architektur;4.91
Arena;5.5
Armband;6.07
Armee;5.52
Arrest;4.56
Artikel;4.15
Artist;5.64
Arzneimittel;5.58
Arzt;6.25
Assistent;5.07
Assistenz;3.98
Astronaut;6.66
Asyl;4.01
Atlantik;5.89
Atmung;5.08
Atom;5.21
Attraktion;3.9
Aufbewahrung;4.23
Aufbruch;3.06
Aufenthalt;3.67
Auferstehung;3.79
Auffassung;3.44
Aufführung;4.36
Aufhebung;2.95
Aufklärung;3.48
Auflösung;3.47
Aufmachung;3.41
Aufmerksamkeit;4.38
Aufnahme;3.61
Aufruf;4.09
Aufschrift;4.91
Aufstellung;3.8
Aufteilung;3.42
Aufzählung;3.03
Aufzeichnung;3.82
Auge;6.73
Auktion;5.22
Ausbeutung;3.51
Ausbruch;4.8
Auseinandersetzung;4.71
Ausfall;3.5
Ausgabe;3.59
Ausgang;5.61
Ausland;4.79
Auslegung;2.47
Ausschau;3.42
Ausschluss;2.79
Aussicht;4.86
Ausstattung;4.06
Ausstellung;5.28
Austausch;3.58
Ausübung;3.15
Ausweis;5.98
Auszeichnung;4.8
Auszug;3.17
Autobahn;6.32
Automat;5.49
Autonomie;4.01
Autorin;5.04
Axt;6.39
Bäcker;6.15
Bahnhof;6.03
Bahnsteig;6.31
Balance;4.29
Band;5.64
Bank;6.56
Bär;6.0
Bart;5.87
Basis;3.79
Bass;4.87
Bau;4.91
Bauernhof;6.47
Bauwerk;5.07
Beachtung;4.03
Bearbeitung;3.86
Bedarf;2.81
Bedenklichkeit;2.3
Befehl;3.39
Befragung;4.85
Befreiung;3.42
Befugnis;3.17
Begleiter;5.5
Begleitung;5.0
Begnadigung;3.5
Begrenzung;5.64
Begründer;3.82
Begründung;3.73
Behandlung;3.5
Behörde;5.06
Beihilfe;2.57
Beil;6.5
Bekämpfung;4.64
Belastung;4.3
Belegung;2.6
Bemerkung;3.64
Bemühung;3.14
Benachteiligung;3.11
Benennung;3.46
Benzin;5.86
Beratung;4.23
Berechnung;3.63
Berechtigung;3.17
Bereinigung;3.65
Bereitschaft;3.56
Bergung;3.85
Beschaffung;3.12
Beschäftigung;3.9
Bescheinigung;4.4
Beschluss;3.39
Beschreibung;3.85
Besetzung;3.87
Besprechung;4.43
Besserung;3.66
Bestätigung;3.35
Bestattung;5.54
Besucher;5.34
Beteiligung;3.42
Betreuung;3.67
Betrieb;4.16
Beurteilung;3.61
Beutel;6.2
Bevölkerung;5.29
Bewältigung;3.29
Bewegung;4.53
Bewerber;4.77
Bewunderung;3.75
Bewusstsein;2.6
Beziehung;4.32
Bezug;3.73
Bibliothek;6.45
Biene;6.56
Bier;6.01
Bilanz;3.86
Bildschirm;5.73
Bindung;3.21
Biographie;4.76
Birne;6.14
Bischof;5.92
Blei;5.48
Blitz;5.94
Block;5.46
Blockade;4.48
Bluse;6.25
Boden;5.84
Bohrer;5.64
Bolzen;5.52
Bonus;3.77
Börse;4.75
Boss;5.28
Brand;5.95
Brauch;3.77
Brille;6.46
Bronze;5.01
Brot;6.47
Brötchen;6.46
Bruch;4.63
Brunnen;6.22
Brut;4.63
Buchstabe;6.28
Buchung;4.26
Bude;4.6
Bügel;5.64
Bund;4.32
Burg;5.61
Bürste;6.25
Bus;6.42
Busch;5.86
Butterbrot;5.76
Charakter;3.26
Christ;4.65
Club;5.3
Coitus;4.63
Computer;5.64
Container;6.06
Creme;6.28
Darm;6.11
Datei;5.27
Datum;5.46
Debatte;4.08
Deckung;3.1
Defizit;3.62
Dehnung;3.82
Deponie;5.04
Diagnose;4.2
Diakonie;4.08
Dialog;4.3
Dieb;5.77
Dienst;4.09
Dienstleistung;3.74
Diesel;5.84
Differenz;3.48
Dilemma;2.89
Ding;2.74
Dinner;5.39
Diplom;4.1
Direktion;3.75
Direktor;4.92
Diskussion;4.76
Disput;4.48
Dokument;5.04
Dolch;6.25
Dom;5.8
Donner;6.12
Dorn;6.14
Dosenöffner;5.98
Dramatik;3.82
Dressur;4.34
Droge;4.99
Drosselung;3.12
Dunkelheit;5.42
Durchgang;5.14
Durchsetzung;3.37
Düse;4.93
Dynamik;3.25
Ebbe;5.37
Ebene;4.88
Ehrlichkeit;3.09
Ei;6.53
Eigentum;4.98
Eimer;5.81
Einbruch;5.24
Einfluss;3.41
Einführung;2.92
Eingabe;3.51
Eingeständnis;2.8
Einigkeit;3.14
Einigung;3.68
Einkauf;4.69
Einkommen;4.77
Einlauf;4.35
Einnahme;4.49
Einrichtung;4.23
Einsatz;3.6
Einschlag;4.92
Einsparung;3.79
Einstimmung;2.72
Einteilung;3.32
Eintrag;4.23
Einzelfall;3.88
Einzug;3.98
Eis;6.01
Eiweiß;5.28
Elch;6.17
Elektronik;4.54
Element;3.94
Elite;3.73
Ellbogen;6.66
Emotion;3.93
Empfänger;3.71
Endlichkeit;3.21
Endung;3.45
Energie;3.34
Enteignung;4.14
Entfaltung;3.63
Entfremdung;2.64
Entlarvung;3.79
Entlassung;4.2
Entlastung;3.11
Entschärfung;3.32
Entschluss;3.71
Entschuldigung;3.92
Enttäuschung;3.75
Entwertung;3.51
Entwurf;4.6
Entzug;4.16
Erdball;6.15
Erdgeschoss;5.59
Erfassung;3.4
Erfindung;4.27
Erfordernis;3.1
Erfüllung;3.19
Ergreifung;3.41
Erhalt;2.86
Erhebung;3.65
Erhöhung;3.9
Erkrankung;4.54
Erlaubnis;3.96
Erlebnis;4.03
Erleichterung;3.84
Erlös;4.5
Ermäßigung;4.29
Ermordung;5.34
Ernährung;4.92
Eröffnung;4.63
Erörterung;3.61
Erreger;4.43
Erschießung;5.3
Erstattung;3.4
Erteilung;2.5
Ertrag;4.54
Erwartung;2.97
Erweiterung;3.76
Erwerb;3.37
Erwerbslosigkeit;4.82
Erzähler;5.17
Erzeugnis;3.97
Erzeugung;3.33
Erziehung;3.37
Esel;6.62
Essen;4.98
Etage;5.59
Etikett;5.56
Evangelium;4.74
Evolution;3.72
Examen;5.25
Exekution;5.87
Exemplar;4.21
Exil;3.93
Expansion;4.36
Expedition;4.15
Experiment;4.52
Experte;4.89
Export;3.34
Extremismus;4.28
Extremist;4.53
Fahrrad;6.79
Fahrschule;5.79
Fahrzeug;5.39
Fan;5.28
Fang;4.23
Farm;5.5
Farn;6.1
Faschismus;4.86
Faschist;5.29
Fassung;2.86
Faust;6.25
Fazit;3.73
Feder;6.56
Fehler;4.3
Fehltritt;3.67
Feierabend;5.21
Feindschaft;3.84
Fell;6.18
Fensterbank;6.66
Ferne;4.38
Fernrohr;6.35
Fernseher;6.42
Festival;4.18
Fingerhut;6.1
Fingernagel;6.66
Finsternis;5.67
Firma;5.13
Fläche;4.57
Flamme;5.86
Fleck;6.0
Floß;5.9
Flosse;5.84
Flöte;6.06
Flüchtling;5.36
Flug;5.71
Flügel;5.43
Flughafen;6.46
Flugzeug;6.51
Folgerung;2.98
Förderung;3.21
Formation;3.62
Formular;6.05
Formulierung;3.68
Forschung;3.82
Fossil;5.19
Foto;6.51
Fotografie;6.14
Fragment;3.64
Frau;5.89
Freilassung;4.53
Freizeit;4.83
Frequenz;4.08
Freundin;5.58
Freundschaft;4.17
Friedhof;6.2
Frist;4.52
Front;3.36
Frost;5.78
Fruchtbarkeit;4.2
Frühstück;6.08
Frustration;4.04
Fügung;2.78
Führer;4.82
Führung;4.16
Fund;3.38
Fürst;5.51
Fuß;6.62
Fußball;6.48
Fußboden;6.18
Fütterung;5.46
Gabe;3.15
Gala;4.27
Galerie;5.42
Galopp;5.83
Gans;6.67
Garantie;3.56
Garde;4.49
Garderobe;5.44
Gardine;6.01
Gartenzaun;6.28
Gast;5.56
Gastgeber;4.81
Gaststätte;5.69
Gebot;4.15
Geburtstag;5.12
Gefährte;4.97
Gefangenschaft;4.63
Gefäß;6.03
Gefecht;4.3
Gegensatz;4.43
Gegenstand;3.82
Gegner;4.57
Geheimnis;2.98
Gehirnwäsche;3.7
Gelände;5.23
Geld;6.04
Geliebte;5.75
Geltung;2.82
Gemeinde;4.6
Gemeinschaft;4.37
Gemisch;4.03
Gemüse;5.69
Gen;4.28
Genauigkeit;3.66
Genießer;4.64
Geometrie;4.57
Gepäckträger;5.53
Gerät;4.59
Gerede;3.41
Gericht;5.22
Gerichtshof;5.11
Gerümpel;5.31
Gerüst;6.3
Gesäß;6.22
Geschäft;5.52
Geschirr;5.49
Geschlecht;4.99
Geschmack;3.95
Geschoss;4.82
Geschütz;4.68
Gesellschaft;3.87
Gesetz;4.75
Gespräch;5.17
Geständnis;4.43
Geste;3.98
Gestein;4.9
Gestirn;4.58
Gewähr;3.6
Gewahrsam;3.93
Gewehr;6.32
Gewerbe;3.93
Gewicht;4.46
Gewinnung;3.34
Gewissheit;3.21
Gewohnheit;3.48
Gitarre;6.25
Glatze;6.52
Gleichheit;3.11
Gleichung;4.07
Glocke;6.16
Glut;5.77
Gönner;3.64
Gott;3.36
Grad;3.3
Gramm;3.82
Grammatik;3.77
Gratulation;4.16
Gremium;4.37
Grieß;5.78
Größe;4.8
Gründung;3.85
Gruß;4.55
Gültigkeit;3.76
Gurt;5.8
Gürtel;6.15
Guss;3.65
Haar;6.51
Hahn;6.18
Haken;5.82
Halt;3.21
Hammel;5.69
Hamster;6.53
Hand;6.56
Handhabung;3.03
Händler;5.58
Handschrift;5.8
Handschuh;6.65
Handwerk;4.32
Hänger;4.91
Hantel;6.3
Hase;6.37
Haube;4.87
Haus;6.71
Haushalt;4.18
Hebel;5.24
Heimweg;4.76
Heizung;6.54
Helm;6.36
Herd;6.33
Herr;5.01
Herrschaft;3.98
Hersteller;4.37
Herstellung;4.49
Heu;6.04
Hierarchie;4.14
Hindernis;5.0
Hinderung;3.49
Hinsicht;1.6
Hirn;6.21
Hirte;5.89
Hochhaus;5.64
Hof;5.75
Höflichkeit;4.4
Höhe;4.27
Höhle;6.03
Honorar;5.04
Hörer;4.88
Horizont;5.64
Horn;6.01
Hügel;5.98
Huhn;6.45
Hund;6.32
Hunger;4.45
Hüter;3.72
Identifikation;3.5
Identität;3.42
Ideologie;2.78
Idiot;4.66
Imbiss;6.43
Impfstoff;5.0
Impression;2.88
Improvisation;3.56
Impuls;3.76
Index;3.33
Industrialisierung;4.52
Inflation;4.03
Informant;4.9
Informatik;3.93
Ingenieur;5.33
Initiative;4.45
Innovation;3.59
Insel;5.73
Insolvenz;4.12
Instabilität;3.29
Institut;4.63
Institution;4.01
Instrument;5.75
Integration;3.29
Integrität;2.87
Intensität;3.4
Intensivstation;5.89
Intention;2.42
Interpretation;3.11
Intervall;3.76
Intervention;3.02
Intuition;2.7
Invention;2.5
Investition;3.62
Investment;3.42
Ion;4.09
Isolation;3.79
Jagd;5.77
Jahr;4.79
Jahrhundert;3.57
Job;4.88
Joghurt;6.5
Journalist;6.04
Jünger;4.75
Justiz;3.33
Kabarett;5.04
Kabine;5.5
Käfer;5.59
Kahn;5.69
Kakao;6.45
Kamel;6.28
Kamerad;4.43
Kammer;5.33
Kampagne;4.27
Kampf;5.36
Kämpfer;5.38
Kanal;5.93
Kandidat;5.07
Kanone;6.76
Kanu;6.29
Kanzler;5.0
Kapazität;3.96
Kapitalismus;4.34
Kapitel;4.93
Karneval;5.87
Kartell;2.53
Karussell;5.8
Kassette;6.38
Katalog;5.42
Katastrophe;4.94
Kathedrale;6.48
Kauf;4.73
Käufer;5.13
Kehrseite;3.82
Keks;6.02
Kellnerin;5.75
Kenner;2.98
Keramik;5.08
Kerl;5.82
Kerze;6.51
Kette;5.3
Kies;6.28
Kino;6.06
Kiosk;5.61
Kirchgänger;5.17
Kirschbaum;6.31
Kiste;5.9
Kittel;6.28
Kläger;4.97
Klamotte;5.07
Klarheit;3.21
Klärung;2.89
Klasse;4.54
Klausur;5.8
Kleber;5.84
Klee;6.56
Kleid;5.75
Kleiderhaken;6.54
Kleiderschrank;6.53
Kleinbürger;3.65
Kleinkind;5.92
Klette;5.12
Klinge;5.7
Kloster;6.42
Knoblauch;6.22
Knochen;6.45
Knödel;5.79
Koch;6.54
Koffer;6.57
Kohl;5.64
Kollege;5.41
Kommentar;3.26
Kommissar;5.75
Kommission;3.9
Kommunikation;4.07
Kommunismus;4.16
Komplikation;2.92
Komponente;3.68
Konditor;6.25
Konferenz;5.22
Konflikt;4.3
Konfrontation;3.62
Kongress;4.32
Konjunktiv;3.45
Konjunktur;3.62
Konkurs;4.46
Konsens;2.86
Konsequenz;4.21
Konsolidierung;3.17
Konsultation;3.73
Konsum;3.97
Konsument;4.6
Kontakt;3.96
Kontingent;3.45
Kontinuität;3.28
Konto;5.33
Kontrolle;3.82
Konvention;2.74
Konzern;4.43
Konzert;5.62
Kooperation;3.21
Koordination;3.35
Kopf;6.49
Koppel;5.01
Koppelung;2.28
Koralle;5.83
Korkenzieher;6.11
Korrektur;4.6
Korrespondenz;3.77
Kosmetik;5.06
Kosmos;4.72
Krabbe;6.48
Kraftwagen;6.11
Kraftwerk;5.75
Kragen;5.81
Krankenpflege;4.97
Kranz;5.33
Kraut;5.8
Krawatte;6.14
Kredit;4.68
Kreuz;6.12
Krimi;5.45
Kriminalität;3.56
Krippe;5.28
Kritiker;4.39
Krone;5.71
Kruste;5.38
Kübel;5.94
Kugelschreiber;6.47
Kultur;3.47
Kündigung;4.9
Kunststück;4.21
Kunstwerk;4.4
Kupfer;5.76
Kuppe;4.34
Kupplung;5.21
Kur;4.43
Kurier;5.1
Kurzschluss;4.91
Kürzung;2.98
Labor;5.72
Lack;5.21
Lage;3.25
Lagerung;4.35
Lamm;6.11
Land;4.82
Landkarte;6.12
Landung;5.28
Länge;4.43
Lappen;5.97
Lässigkeit;3.76
Last;4.13
Latte;5.53
Lauf;4.71
Laufbahn;4.51
Laus;6.04
Lautsprecher;5.99
Leben;3.64
Lebendigkeit;3.89
Lebenslauf;5.62
Leber;6.1
Lehne;4.88
Leib;5.16
Leine;5.56
Leitung;4.54
Lenker;5.52
Lenkstange;5.16
Leopard;6.14
Leser;4.29
Leuchte;5.25
Leute;4.74
Lexikon;6.0
Lichtanlage;5.16
Lid;6.14
Liebelei;3.07
Liebeserklärung;5.1
Liebhaberin;5.38
Lieferung;5.07
Liege;5.87
Likör;5.97
Limit;4.06
Lineal;6.29
Linie;6.22
Lippenstift;6.28
Liste;5.29
Literatur;3.68
Loch;6.54
Locher;6.14
Löwe;6.6
Loyalität;2.7
Luftröhre;6.17
Lupe;6.45
Machenschaft;2.98
Macher;3.12
Machthaber;4.35
Mächtigkeit;3.34
Mädel;5.66
Magazin;5.01
Magnet;5.77
Mähne;5.67
Malerei;4.87
Mandant;4.89
Mandarine;6.59
Mandel;6.51
Mango;6.52
Manipulation;3.18
Mann;6.0
Mannschaft;5.69
Manöver;3.96
Mappe;5.47
Marke;4.24
Maske;5.62
Masse;3.64
Material;3.64
Materialist;3.33
Materie;3.21
Mathematik;4.82
Matrix;2.63
Matrose;6.53
Maus;6.67
Maximum;4.51
Mechanismus;3.95
Medaille;6.36
Medikament;5.69
Medium;3.21
Medizin;5.04
Mehrheit;4.24
Melancholie;3.76
Meldung;3.72
Melodie;4.77
Mensch;5.58
Menschlichkeit;2.44
Messer;6.61
Meter;5.4
Metropole;4.82
Metzger;5.53
Mikrofon;6.43
Milch;6.67
Milieu;3.35
Minimum;3.85
Minirock;5.84
Minute;4.89
Mischung;3.85
Misserfolg;3.33
Misshandlung;4.26
Mission;3.84
Missverständnis;3.73
Mitglied;5.27
Mithilfe;3.43
Mitschuld;2.77
Mittag;4.97
Mittagessen;5.86
Mitteilung;4.25
Mittwoch;5.17
Mitwirkung;3.32
Mixer;6.03
Mobilisierung;2.6
Mobilität;4.2
Mode;4.48
Modell;4.28
Molekül;4.29
Mond;6.38
Monitor;6.12
Monolog;4.31
Mörderin;5.15
Morgen;5.21
Motor;5.93
Motorrad;6.37
Motto;3.78
Museum;5.98
Muster;4.6
Mythos;2.72
Nachbarschaft;4.52
Nachfolger;4.4
Nachricht;4.38
Nachschub;3.77
Nacht;6.19
Nachweis;3.46
Näherung;3.0
Nation;4.35
Nationalist;4.16
Natur;4.84
Naturell;3.15
Navigation;4.11
Nest;6.25
Netz;5.91
Netzwerk;4.39
Neuerung;2.41
Neurose;3.82
Neuzeit;2.94
Nichte;5.0
Nickel;5.09
Niederlage;4.68
Niere;6.13
Niete;4.29
Note;5.29
Notlage;4.17
Notwehr;4.02
Nummer;5.59
Nuss;6.18
Nutzung;3.43
Obacht;3.19
Ober;5.96
Obst;6.25
Offenheit;4.28
Ohr;6.45
Oma;6.0
Onkel;5.79
Opa;6.22
Oper;5.92
Operation;4.9
Opposition;3.96
Optik;3.41
Optimum;3.47
Option;3.1
Orden;5.36
Organisation;4.1
Orgasmus;5.86
Orient;4.91
Orientierung;2.97
Osten;4.91
Ozean;5.94
Päckchen;5.97
Pakt;3.95
Palette;5.25
Palme;6.17
Paprika;6.0
Paradies;4.48
Parallele;4.6
Paranoia;3.43
Park;5.96
Parkett;6.2
Parlament;5.38
Partei;5.1
Partner;5.39
Partnerschaft;4.4
Pass;6.39
Passage;4.77
Passion;3.7
Paste;4.96
Pate;5.01
Pater;5.68
Patient;5.95
Patriotismus;3.27
Patrone;5.57
Pedal;5.83
Pegel;4.77
Peitsche;6.03
Penetration;4.76
Periode;4.51
Perücke;6.07
Petersilie;6.39
Pfad;4.9
Pfahl;6.25
Pfarrer;5.98
Pflaster;5.36
Pflaume;5.69
Pfütze;6.15
Phantom;4.07
Philosophie;3.25
Physik;3.69
Pille;5.73
Pilz;5.62
Pinsel;6.28
Pirat;6.2
Planet;6.28
Planung;3.24
Platz;4.72
Po;6.12
Politik;3.59
Politiker;5.39
Polizei;6.03
Population;4.55
Pornographie;5.67
Position;3.98
Post;5.61
Postkarte;6.25
Potential;3.06
Präferenz;3.05
Präsentation;5.19
Präsident;4.69
Praxis;3.96
Predigt;4.73
Preis;5.0
Presse;5.28
Pressefreiheit;3.62
Prima;2.77
Printe;5.25
Prinz;5.44
Prise;4.81
Produktion;4.01
Produktivität;3.33
Profession;4.06
Prognose;3.23
Programm;4.23
Programmierung;3.21
Projekt;3.43
Projektion;3.5
Propaganda;4.14
Propeller;6.02
Protest;4.86
Provision;4.21
Psychologie;4.14
Publikum;4.99
Puffer;3.15
Pullover;6.0
Puls;4.92
Pult;6.03
Punkt;5.71
Pupille;6.28
Pute;5.87
Pyramide;5.93
Quark;5.94
Quirl;5.68
Quittung;5.33
Quote;3.39
Rad;5.76
Radio;6.42
Radius;5.21
Radler;5.19
Rahmen;5.18
Rand;4.69
Rang;3.33
Rasse;3.87
Rast;4.39
Ration;4.71
Rätsel;4.53
Rattengift;5.32
Raum;4.73
Räumung;4.33
Reaktor;5.32
Realität;2.38
Rebellion;4.18
Rechnung;5.82
Rechteck;5.93
Rechtsstaat;3.42
Redakteur;5.17
Rede;4.66
Reduktion;2.64
Referat;4.46
Reform;3.5
Regelung;3.0
Regenbogen;6.43
Regenschirm;6.12
Regie;4.17
Regierung;4.55
Regime;3.82
Region;4.34
Regung;3.48
Reich;3.76
Reigen;3.69
Reihenfolge;4.26
Reim;4.74
Reinigung;4.31
Reinlichkeit;5.04
Reiter;6.16
Relation;2.55
Religion;3.71
Rendite;3.27
Rennen;5.97
Rente;5.02
Reparatur;5.0
Reporter;5.72
Republik;3.68
Reservation;3.06
Resignation;3.35
Ressource;3.12
Rest;4.12
Restaurant;6.22
Resultat;4.6
Revision;3.62
Revolution;4.11
Rezept;4.77
Richtlinie;3.82
Rinde;6.14
Ring;5.84
Risiko;3.64
Ritter;6.68
Roboter;6.18
Rock;6.01
Rohr;6.14
Romantik;3.64
Romanze;4.29
Rosine;6.53
Rost;5.55
Route;4.71
Rückkehr;5.19
Rücktritt;3.8
Rudel;5.41
Ruf;3.79
Ruhestand;4.2
Ruine;5.98
Rum;6.21
Rundweg;5.46
Rutsche;6.01
Saat;5.24
Sabotage;3.71
Sack;5.74
Saft;6.0
Säge;5.55
Saison;3.82
Salz;6.66
Samen;5.61
Sammlung;4.03
Samt;5.52
Sanierung;4.79
Sanktion;3.54
Sattel;6.32
Saum;5.32
Säumnis;2.44
Säure;4.9
Schadstoff;4.62
Scham;3.87
Schanze;4.96
Schärfung;3.65
Schätzung;2.87
Schauder;3.34
Schauer;5.07
Scheibe;5.92
Scheibenwischer;6.09
Scheidung;4.52
Schein;3.59
Scheißdreck;3.4
Scheitel;5.28
Schelte;4.32
Scheune;6.4
Schicht;4.29
Schiebung;2.75
Schiffbruch;5.07
Schild;5.64
Schlachtung;4.48
Schlafwandeln;5.27
Schlag;4.35
Schlampigkeit;4.49
Schlitten;6.0
Schloss;6.0
Schluss;3.68
Schlüssel;6.43
Schlussfolgerung;3.53
Schmach;3.13
Schmuggel;4.99
Schnappschuss;5.0
Schnaps;5.52
Schnecke;6.29
Schneider;5.45
Schnorchel;6.11
Schokolade;6.21
Schönheit;3.64
Schöpfung;2.97
Schornsteinfeger;6.4
Schotter;5.39
Schraube;5.72
Schreibtisch;6.44
Schub;3.14
Schublade;6.25
Schuppen;5.75
Schürze;5.61
Schuss;5.4
Schwächling;3.99
Schwan;6.48
Schwein;5.94
Schweiß;5.69
Schwert;6.68
Schwester;6.17
Schwimmbad;6.16
Schwund;3.09
Seelsorge;3.59
Segel;6.32
Sehne;5.32
Sehnsucht;4.23
Seife;6.47
Seite;4.09
Sekretär;5.22
Sektor;3.86
Sekunde;5.7
Selbstbestimmung;3.78
Selbstbewusstsein;3.62
Selbstmord;4.15
Seminar;4.81
Senkung;3.02
Sense;6.22
Serie;4.46
Serum;4.88
Sicherheit;3.64
Sicherung;4.51
Sicht;3.72
Signal;4.79
Simulation;4.05
Sinn;2.94
Sitzung;4.51
Skala;5.78
Skandal;3.19
Skelett;6.61
Skizze;5.22
Skrupel;3.34
Sofa;6.68
Soldat;5.97
Solidarität;3.67
Solo;4.06
Sonde;4.7
Spaltung;3.75
Spaten;6.28
Speiche;6.34
Speise;5.25
Spekulation;3.37
Spender;4.63
Spezialist;4.18
Spezialität;4.46
Spiel;4.16
Spielraum;3.62
Spinne;6.37
Spinnennetz;6.43
Spore;4.85
Spray;5.74
Sprecher;4.89
Spruch;3.62
Sprung;4.55
Staat;4.52
Stabilität;3.94
Stadion;6.08
Stadium;3.14
Stadt;5.61
Stadtteil;5.77
Staffel;4.14
Stall;5.97
Stand;3.53
Start;4.55
Startbahn;5.61
Station;4.59
Stationierung;3.73
Statistik;4.24
Stätte;4.03
Status;3.12
Steg;5.41
Steinzeit;4.63
Stelle;3.17
Stellung;4.15
Stempel;5.81
Stich;5.72
Stier;6.4
Stiftung;3.82
Stock;5.92
Stöpsel;5.91
Störung;3.79
Strategie;4.54
Strauch;5.69
Strauß;6.09
Streichholz;6.33
Streik;5.17
Strich;5.77
Stroh;6.01
Strom;4.52
Strophe;4.76
Stube;5.83
Stück;4.4
Studie;3.57
Studio;4.83
Studium;5.39
Stuhlgang;5.6
Stumpfsinn;2.88
Sturz;4.9
Stütze;4.57
Subkultur;3.21
Submission;3.55
Substitution;3.23
Subversion;2.96
Sünder;4.15
Symbol;4.21
Syntax;2.76
Synthese;3.95
Szenarium;3.09
Szene;2.52
Tabelle;6.17
Tablette;6.61
Tag;4.82
Tagebuch;6.18
Tagung;4.3
Tank;6.1
Tante;5.67
Tarif;3.86
Tätigkeit;3.53
Tauglichkeit;3.89
Techniker;5.49
Technologie;3.25
Tee;6.0
Teich;6.28
Teilnehmer;4.69
Telefon;6.48
Teller;6.82
Termin;3.86
Terrorist;4.91
Test;4.83
Text;5.68
Theater;5.77
Theke;6.01
Therapeut;5.39
Therapie;4.3
Tiger;6.42
Titel;4.09
Ton;4.96
Topf;6.44
Tor;6.09
Tortur;4.15
Tourismus;5.3
Tracht;5.04
Tradition;4.2
Träger;4.02
Tragödie;3.51
Trainer;5.58
Training;4.69
Trakt;4.46
Transistor;4.43
Transit;3.47
Transparenz;4.06
Treibstoff;5.27
Trend;3.01
Trick;3.58
Trieb;3.42
Trikot;5.2
Tritt;5.25
Trompete;6.4
Tropfen;6.16
Trugschluss;3.19
Truppe;5.64
Tulpe;6.48
Tunnel;6.11
Tusche;5.86
Tüte;5.96
Typ;2.94
Überdosis;4.43
Überdruck;3.59
Übernachtung;4.83
Übung;3.99
Ulme;5.3
Umarmung;5.62
Umbau;4.7
Umfrage;4.39
Umgebung;4.26
Umkehrung;2.5
Umsatz;3.82
Umwälzung;2.79
Umwelt;4.34
Umzug;4.43
Unabhängigkeit;3.65
Unbehagen;4.02
Unfähigkeit;3.02
Ungleichgewicht;3.87
Unglücksfall;4.1
Ungunst;2.78
Universität;6.34
Unordnung;5.29
Unrecht;3.75
Unsicherheit;3.37
Unsterblichkeit;3.35
Unterdrückung;3.84
Untergrund;4.01
Unterhalt;4.38
Unterhaltung;4.8
Unterlage;4.85
Unterleib;5.67
Unternehmen;4.15
Unternehmer;4.75
Unterricht;5.23
Unterschrift;6.05
Unterstützung;4.11
Untersuchung;5.16
Unterwerfung;3.79
Unwahrheit;3.19
Unwohlsein;3.64
Unzufriedenheit;3.67
Urlauber;6.07
Ursache;2.71
Utopie;3.33
Vampir;5.84
Vanille;5.8
Variante;2.74
Variation;3.17
Vase;6.3
Vater;6.25
Vaterunser;4.21
Vegetation;5.0
Vene;5.75
Ventil;5.69
Verachtung;3.44
Veranda;5.94
Veränderung;3.3
Verarbeitung;3.75
Veräußerung;3.33
Verband;4.46
Verbesserung;3.79
Verbindlichkeit;3.87
Verbindung;4.35
Verbrauch;3.76
Verbrüderung;3.89
Verbund;3.68
Verdienst;4.48
Verdrossenheit;2.98
Verdruss;3.54
Verehrung;3.43
Vereinbarung;3.37
Vereinfachung;2.67
Vereinigung;3.41
Vereitelung;2.91
Verfahren;3.42
Vergewaltigung;5.07
Vergünstigung;3.5
Vergütung;3.88
Verhaftung;4.8
Verhältnis;3.48
Verhandlung;3.82
Verhängnis;3.4
Verheißung;3.17
Verkehr;5.44
Verkleidung;5.42
Verlag;4.88
Verletzung;5.55
Vermarktung;4.15
Vermeidung;2.6
Vermerk;4.09
Vermessenheit;3.05
Vermögen;3.78
Vernichtung;4.3
Veröffentlichung;4.37
Verpackung;5.39
Verpflichtung;3.48
Vers;5.72
Verschlechterung;3.59
Verschluss;5.33
Verschmutzung;5.14
Verschuldung;4.17
Versendung;3.39
Verseuchung;4.07
Version;3.43
Versorger;4.05
Versorgung;3.28
Verständlichkeit;3.85
Versuchung;3.7
Verteidigung;3.9
Verteilung;3.56
Vertrauenswürdigkeit;3.34
Vertreter;4.16
Vertretung;3.84
Verunreinigung;4.56
Verwahrung;3.19
Verweigerung;3.79
Verwendung;3.42
Verwertung;3.16
Verwirrung;3.96
Verzeichnis;4.12
Verzerrung;3.19
Veto;3.25
Vetter;5.5
Vibration;4.76
Video;6.05
Virus;4.77
Vision;3.21
Visum;5.5
Vitamin;4.03
Vogelscheuche;6.25
Volk;5.04
Volumen;3.38
Voraussage;3.3
Voraussicht;2.6
Vorbereitung;3.85
Vorname;4.58
Vorschlag;3.85
Vorschuss;4.96
Vorsicht;3.21
Vorstand;5.08
Vortag;4.84
Vorzeichen;4.21
Vorzimmer;5.35
Votum;3.34
Waage;6.18
Wagen;5.71
Wahl;3.7
Wahn;4.03
Wahrung;2.83
Währung;4.74
Waise;4.82
Wal;5.84
Waldbrand;5.89
Wall;5.77
Walzer;5.34
Wand;6.57
Wandel;3.68
Wanderung;5.26
Wandlung;3.19
Wange;6.06
Wanne;6.14
Wappen;6.18
Ware;4.55
Warnung;4.46
Wartung;4.17
Wasser;6.33
Wasserleiche;6.07
Wasserleitung;5.88
Weg;5.84
Weib;4.96
Wein;6.22
Weisung;3.19
Weite;3.43
Weizen;6.35
Welle;5.34
Weltherrschaft;4.4
Weltkarte;6.1
Weltkrieg;4.64
Weltwirtschaft;3.45
Weltwunder;5.55
Wendigkeit;3.4
Wendung;3.09
Werber;3.56
Werk;3.85
Werkstatt;5.79
Werkstoff;3.87
Wertsteigerung;3.13
Wertung;3.42
Wesen;3.14
Wicht;4.91
Widerspruch;3.28
Widerstand;3.62
Widmung;4.34
Wiederherstellung;2.8
Willkür;3.03
Wimper;6.46
Wind;5.57
Wirt;5.58
Wirtschaft;3.67
Wissenschaft;4.02
Wissenschaftler;5.01
Witwe;5.97
Woche;4.78
Wohlwollen;3.31
Wolf;6.51
Wolke;6.2
Wolkenkratzer;6.76
Wurf;4.65
Wurst;6.01
Würstchen;6.54
Wurzel;6.06
Zahl;5.75
Zahlung;4.51
Zahn;6.29
Zahnbürste;6.6
Zahnstocher;6.62
Zange;5.49
Zärtlichkeit;4.73
Zaun;6.43
Zebra;5.97
Zeh;6.36
Zeichnung;5.49
Zeiger;5.02
Zeitschrift;5.67
Zeitspanne;2.87
Zeitvertreib;3.23
Zentimeter;6.11
Zentrale;3.85
Zentrum;4.81
Zerrung;4.53
Zerschlagung;3.96
Zeug;2.63
Zeugnis;5.53
Zeugung;4.68
Ziffer;5.2
Zipfel;5.11
Zirkus;6.33
Zone;3.98
Zoo;5.84
Zucht;4.06
Zucker;5.61
Zulassung;3.49
Zündung;3.96
Zunge;6.52
Zusammenarbeit;4.43
Zusammenspiel;3.93
Zuschauer;5.68
Zuschlag;3.47
Zuschuss;3.71
Zuspitzung;3.21
Zuversicht;3.33
Zuweisung;2.42
Zweck;3.36
Zweig;6.29
Zwerg;6.05
Zwiebel;6.62
Zwilling;5.98
Zwirn;5.95
Zwischenzeit;2.48
